{"cameraMode":{"drawMode":0,"name":"Shaded","section":"Shading Mode"},"sceneLighting":true,"audioPlay":false,"sceneViewState":{"showFog":true,"showMaterialUpdate":false,"showSkybox":true,"showFlares":true,"showImageEffects":true,"showParticleSystems":true},"in2DMode":false,"pivot":{"x":0.002885580062866211,"y":-2.757953643798828,"z":-0.0713338851928711},"rotation":{"x":-0.3631035089492798,"y":-0.19085220992565156,"z":0.07633580267429352,"w":-0.908847451210022},"size":10.214567184448243,"orthographic":false}